	human	mouse	zebrafish	drosophila	c.elegans	ciliate	yeast	methanocaldococcus	themococcus	e.coli	tuberculosis
H2A	90.30627305	83.3400838	80.97469413	68.63078414	66.18508682	56.61083392	62.05158703	3	0.8239087409	-0.07918124605	0.3979400087
H2B	86.54515514	82.93930216	70.73282827	58.48148606	64.27736608	48.71896663	56.51286162	-0.414973348	0.7695510786	-0.2552725051	-0.3424226808
H3	95.65955589	95.81247928	94.75202673	95.02733441	93.35066514	85.075204	86.48017201	1.468521083	1.244125144	0.04575749056	-0.6627578317
H4	66.9625735	67.11918641	67.94692156	67.09582563	67.21112488	44.70774393	51.96657624	4.085128182	4.480172006	-0.1139433523	1.161150909
P300	300	300	300	300	300	14.80134291	12.90657831	1.698970004	-0.07918124605	0.4317982759	2.522878745
